,age,salary,department,gender
0,23.34280345303867,45254.21020343722,Engineering,Other
1,36.874566442644465,31058.779613917923,Sales,Female
2,18.44953403076578,91338.25016977436,Finance,Female
3,69.47825212534983,97219.78431903948,Finance,Male
4,69.57160403936766,84149.26788521254,Engineering,Male
